{
    "bloom_intensity": 0.7838113577496725,
    "fstop": 2.319244677786414,
    "iso": 200,
    "gamma": 1.9172666911202978,
    "shutter_speed": 179.00488493244444,
    "lens_circle_falloff": 3.6700531866766486,
    "lens_circle_multiplier": 5.629288503078939,
    "motion_blur_intensity": 0.31132702694641257,
    "slope": 0.5436109766030025,
    "toe": 0.5753249930670508,
    "shoulder": 0.3197107149106764,
    "black_clip": 0.849436441832546,
    "white_clip": 0.38297983934699775,
    "temp": 6677.576838283428
}