{
    "bloom_intensity": 0.43545508816033296,
    "fstop": 20.078923734261547,
    "iso": 1600,
    "gamma": 1.9251800812748785,
    "shutter_speed": 226.05958035355872,
    "lens_circle_falloff": 0.745244836195903,
    "lens_circle_multiplier": 2.3219656178225536,
    "motion_blur_intensity": 0.36393799720207454,
    "slope": 0.37043819681898515,
    "toe": 0.7878907509773203,
    "shoulder": 0.10567714575453668,
    "black_clip": 0.2742196331081449,
    "white_clip": 0.0943934954948058,
    "temp": 6776.807685997367
}