{
    "bloom_intensity": 0.019969779764393847,
    "fstop": 1.6288533495403268,
    "iso": 400,
    "gamma": 1.8547756812330534,
    "shutter_speed": 117.27875342161875,
    "lens_circle_falloff": 6.429158589088666,
    "lens_circle_multiplier": 1.8496001970969922,
    "motion_blur_intensity": 0.8859017799683133,
    "slope": 0.6435505982707862,
    "toe": 0.7661297311177424,
    "shoulder": 0.7447166027916348,
    "black_clip": 0.012911633235739739,
    "white_clip": 0.8273070912327585,
    "temp": 6521.3027002753815
}