{
    "bloom_intensity": 0.18921494639166703,
    "fstop": 13.048589115762464,
    "iso": 400,
    "gamma": 1.8198474336134562,
    "shutter_speed": 206.90480342786455,
    "lens_circle_falloff": 1.7536798499546835,
    "lens_circle_multiplier": 9.292973438096631,
    "motion_blur_intensity": 0.893553511212019,
    "slope": 0.651513945284523,
    "toe": 0.12500058688281634,
    "shoulder": 0.6060903712380195,
    "black_clip": 0.48621524960349416,
    "white_clip": 0.7646566820765244,
    "temp": 6906.2189282662575
}