{
    "bloom_intensity": 0.053248321249184105,
    "fstop": 2.421458181131528,
    "iso": 200,
    "gamma": 2.155747653112527,
    "shutter_speed": 272.8735728554801,
    "lens_circle_falloff": 9.90124868207889,
    "lens_circle_multiplier": 3.992286903723609,
    "motion_blur_intensity": 0.3257562463768845,
    "slope": 0.9030092540018221,
    "toe": 0.7029452648079487,
    "shoulder": 0.8256073293631654,
    "black_clip": 0.6155894402675187,
    "white_clip": 0.7960145944956417,
    "temp": 6739.091906756686
}