{
    "bloom_intensity": 0.734357838528633,
    "fstop": 21.745059390666007,
    "iso": 200,
    "gamma": 1.8530792335400192,
    "shutter_speed": 131.15528624211282,
    "lens_circle_falloff": 8.842779798957626,
    "lens_circle_multiplier": 6.531574681909749,
    "motion_blur_intensity": 0.5763474640050512,
    "slope": 0.6973056603196635,
    "toe": 0.6359947361603892,
    "shoulder": 0.1507920006655381,
    "black_clip": 0.5553519707599263,
    "white_clip": 0.29778974314208406,
    "temp": 6562.4753625843405
}