{
    "bloom_intensity": 0.1781844864700347,
    "fstop": 7.893741088110093,
    "iso": 200,
    "gamma": 2.1396918997640526,
    "shutter_speed": 134.30030227630533,
    "lens_circle_falloff": 3.975949537846372,
    "lens_circle_multiplier": 3.0809787571655454,
    "motion_blur_intensity": 0.5688765413098948,
    "slope": 0.9015241755270894,
    "toe": 0.36606639646452,
    "shoulder": 0.8774963953223976,
    "black_clip": 0.001487745246381178,
    "white_clip": 0.49611114918385035,
    "temp": 6629.997739730894
}