{
    "bloom_intensity": 0.8031297069900731,
    "fstop": 20.433087341207813,
    "iso": 1600,
    "gamma": 1.9105261961615125,
    "shutter_speed": 148.21592950274504,
    "lens_circle_falloff": 9.951684463669805,
    "lens_circle_multiplier": 0.22402657022724815,
    "motion_blur_intensity": 0.15879449262730339,
    "slope": 0.865312394971107,
    "toe": 0.017492460091550255,
    "shoulder": 0.644777917205123,
    "black_clip": 0.4200279714402213,
    "white_clip": 0.16713021337476952,
    "temp": 6413.02317175751
}