{
    "bloom_intensity": 0.4588975467237256,
    "fstop": 21.267807676485152,
    "iso": 400,
    "gamma": 1.9360204588674088,
    "shutter_speed": 264.94581588266533,
    "lens_circle_falloff": 0.26062671505676094,
    "lens_circle_multiplier": 1.7633513666004874,
    "motion_blur_intensity": 0.7569514757931961,
    "slope": 0.2463340264217435,
    "toe": 0.16409387100523842,
    "shoulder": 0.3236068012407347,
    "black_clip": 0.7993005834332819,
    "white_clip": 0.5576355622642564,
    "temp": 6801.92905133209
}