{
    "bloom_intensity": 0.655031203415916,
    "fstop": 1.278026799073974,
    "iso": 800,
    "gamma": 2.1259195160156024,
    "shutter_speed": 194.30948181740757,
    "lens_circle_falloff": 1.0405440994495074,
    "lens_circle_multiplier": 3.2186204270808263,
    "motion_blur_intensity": 0.2083791248091471,
    "slope": 0.3546711999377905,
    "toe": 0.7895067462157743,
    "shoulder": 0.9196853741363404,
    "black_clip": 0.010170065931029093,
    "white_clip": 0.513943257513644,
    "temp": 6417.247285430119
}