{
    "bloom_intensity": 0.35266820006824684,
    "fstop": 3.696136841801547,
    "iso": 1600,
    "gamma": 1.9623179907713304,
    "shutter_speed": 112.32752251956094,
    "lens_circle_falloff": 9.351431392135282,
    "lens_circle_multiplier": 1.1525489307934134,
    "motion_blur_intensity": 0.8715112878858967,
    "slope": 0.15838754222160079,
    "toe": 0.5533709419144708,
    "shoulder": 0.8766227241205474,
    "black_clip": 0.23384035605007558,
    "white_clip": 0.4614464180613391,
    "temp": 6611.722820874389
}