{
    "bloom_intensity": 0.8992480123347325,
    "fstop": 20.50132590567381,
    "iso": 200,
    "gamma": 2.0107728986868136,
    "shutter_speed": 224.24823994574666,
    "lens_circle_falloff": 9.791912955569765,
    "lens_circle_multiplier": 7.481256583659233,
    "motion_blur_intensity": 0.38281347025770396,
    "slope": 0.8308587976321303,
    "toe": 0.44360652162439995,
    "shoulder": 0.3866601741880894,
    "black_clip": 0.7283590662843114,
    "white_clip": 0.6512467782131756,
    "temp": 6237.434647987974
}