{
    "bloom_intensity": 0.0057139233863614525,
    "fstop": 2.437112508887229,
    "iso": 800,
    "gamma": 2.1606286567468427,
    "shutter_speed": 114.45158077149327,
    "lens_circle_falloff": 5.498397485213965,
    "lens_circle_multiplier": 6.11417708186198,
    "motion_blur_intensity": 0.7498448877757096,
    "slope": 0.09558861924619977,
    "toe": 0.10384322289850068,
    "shoulder": 0.439665039399739,
    "black_clip": 0.8597728303985996,
    "white_clip": 0.8199175779353316,
    "temp": 6991.861405660306
}