{
    "bloom_intensity": 0.4973760026630022,
    "fstop": 20.720583638594725,
    "iso": 200,
    "gamma": 2.1499968357312067,
    "shutter_speed": 256.45623244833956,
    "lens_circle_falloff": 9.315555757377075,
    "lens_circle_multiplier": 9.096629615403591,
    "motion_blur_intensity": 0.7587417233018435,
    "slope": 0.6276080651029619,
    "toe": 0.5355684251583022,
    "shoulder": 0.2550786979364704,
    "black_clip": 0.6441768482735744,
    "white_clip": 0.6063723592281922,
    "temp": 6012.301412705464
}