{
    "bloom_intensity": 0.9704226506322574,
    "fstop": 14.122747752674364,
    "iso": 1600,
    "gamma": 1.96511945126893,
    "shutter_speed": 118.42716164646433,
    "lens_circle_falloff": 3.1306525418575424,
    "lens_circle_multiplier": 6.324029802016443,
    "motion_blur_intensity": 0.4923154317408852,
    "slope": 0.494446340150688,
    "toe": 0.14319264411689647,
    "shoulder": 0.07358400188495295,
    "black_clip": 0.611934392747414,
    "white_clip": 0.3356099039838124,
    "temp": 6657.40406928913
}