{
    "bloom_intensity": 0.9950707952223199,
    "fstop": 11.97832768057733,
    "iso": 800,
    "gamma": 1.8557053323847579,
    "shutter_speed": 125.45201593658757,
    "lens_circle_falloff": 9.817225594877009,
    "lens_circle_multiplier": 4.600353222113538,
    "motion_blur_intensity": 0.39351981294675686,
    "slope": 0.2862557138942936,
    "toe": 0.20087430916212035,
    "shoulder": 0.37023306507376297,
    "black_clip": 0.674288941793394,
    "white_clip": 0.0659161536771925,
    "temp": 6570.015180835979
}