{
    "bloom_intensity": 0.7031729963443174,
    "fstop": 1.6854895651417685,
    "iso": 800,
    "gamma": 2.156534129861444,
    "shutter_speed": 151.49274534717213,
    "lens_circle_falloff": 3.8333865645447007,
    "lens_circle_multiplier": 6.342463997983688,
    "motion_blur_intensity": 0.8894252688364116,
    "slope": 0.35661742661944995,
    "toe": 0.7343432001512281,
    "shoulder": 0.3577363449043556,
    "black_clip": 0.7878328790777901,
    "white_clip": 0.3965376888825535,
    "temp": 6716.452394363518
}