{
    "bloom_intensity": 0.9839439193709536,
    "fstop": 13.506203395723531,
    "iso": 200,
    "gamma": 2.1182087210889584,
    "shutter_speed": 277.01156941751935,
    "lens_circle_falloff": 1.1864669430397912,
    "lens_circle_multiplier": 8.986242157741414,
    "motion_blur_intensity": 0.06756948954518494,
    "slope": 0.1944149389251586,
    "toe": 0.7643400820901249,
    "shoulder": 0.12140698673915373,
    "black_clip": 0.9143263270425411,
    "white_clip": 0.6850130162720226,
    "temp": 6933.999222611692
}