{
    "bloom_intensity": 0.06882344305228694,
    "fstop": 10.10461157974588,
    "iso": 200,
    "gamma": 2.0771766427840053,
    "shutter_speed": 133.00463258672056,
    "lens_circle_falloff": 9.495012074957337,
    "lens_circle_multiplier": 7.880423963824848,
    "motion_blur_intensity": 0.07556415178617404,
    "slope": 0.05550673899747405,
    "toe": 0.5056127795893519,
    "shoulder": 0.4892213479423805,
    "black_clip": 0.4183291265588417,
    "white_clip": 0.2703786473208988,
    "temp": 6780.844774224334
}