{
    "bloom_intensity": 0.11607392016203266,
    "fstop": 5.8644577191539415,
    "iso": 400,
    "gamma": 2.00038924717967,
    "shutter_speed": 203.55992743475048,
    "lens_circle_falloff": 3.1534927963349793,
    "lens_circle_multiplier": 3.4010128979540455,
    "motion_blur_intensity": 0.7589071994325638,
    "slope": 0.7298280644784092,
    "toe": 0.3345339523514188,
    "shoulder": 0.5827726344303196,
    "black_clip": 0.04952647053517978,
    "white_clip": 0.9790727477379634,
    "temp": 6955.047505538632
}