{
    "bloom_intensity": 0.062344420413985135,
    "fstop": 8.157700611165417,
    "iso": 200,
    "gamma": 1.900321854421276,
    "shutter_speed": 145.32535151240347,
    "lens_circle_falloff": 6.033391279729039,
    "lens_circle_multiplier": 3.941735435374698,
    "motion_blur_intensity": 0.14661716599446517,
    "slope": 0.8886834355625184,
    "toe": 0.06817943400693183,
    "shoulder": 0.40085961546774473,
    "black_clip": 0.04191346775125948,
    "white_clip": 0.213526566888395,
    "temp": 6748.824291883826
}