{
    "bloom_intensity": 0.9598487493652487,
    "fstop": 5.586460561522012,
    "iso": 400,
    "gamma": 1.91383636394955,
    "shutter_speed": 164.96393685736285,
    "lens_circle_falloff": 2.1279140842542468,
    "lens_circle_multiplier": 2.9594362026510557,
    "motion_blur_intensity": 0.8474317469684113,
    "slope": 0.6379852433938763,
    "toe": 0.1561498238612905,
    "shoulder": 0.0367963127894666,
    "black_clip": 0.594284099776949,
    "white_clip": 0.6595165462916914,
    "temp": 6141.55660465603
}