{
    "bloom_intensity": 0.24285084547430558,
    "fstop": 15.154668568056435,
    "iso": 400,
    "gamma": 1.9287638470787138,
    "shutter_speed": 205.93888355174963,
    "lens_circle_falloff": 9.091161598112242,
    "lens_circle_multiplier": 4.245475701238628,
    "motion_blur_intensity": 0.9853685450753022,
    "slope": 0.031651280064833975,
    "toe": 0.6450957940071841,
    "shoulder": 0.8297591398785868,
    "black_clip": 0.14959418619865805,
    "white_clip": 0.6471402748228527,
    "temp": 6853.627577919706
}