{
    "bloom_intensity": 0.6301971978242291,
    "fstop": 2.0937118242910184,
    "iso": 200,
    "gamma": 1.8806454115782003,
    "shutter_speed": 204.58088267355149,
    "lens_circle_falloff": 4.788687947265348,
    "lens_circle_multiplier": 9.384482405982634,
    "motion_blur_intensity": 0.8818712452825638,
    "slope": 0.22696293985952665,
    "toe": 0.8245823574030416,
    "shoulder": 0.5225738569536936,
    "black_clip": 0.2948803927174227,
    "white_clip": 0.6853786797375878,
    "temp": 6645.797758713043
}