{
    "bloom_intensity": 0.07195528641757121,
    "fstop": 10.587248395319378,
    "iso": 200,
    "gamma": 2.115945679266313,
    "shutter_speed": 205.12513465624372,
    "lens_circle_falloff": 3.751843990173499,
    "lens_circle_multiplier": 2.815224010079537,
    "motion_blur_intensity": 0.7062423906739405,
    "slope": 0.14355154661988834,
    "toe": 0.29536415087816814,
    "shoulder": 0.21785223478552362,
    "black_clip": 0.6092943486346434,
    "white_clip": 0.025834700323409954,
    "temp": 6663.871992053258
}