{
    "bloom_intensity": 0.40568913235534576,
    "fstop": 16.52109728043834,
    "iso": 200,
    "gamma": 2.0060217778525677,
    "shutter_speed": 243.1674968672329,
    "lens_circle_falloff": 0.12478307446890047,
    "lens_circle_multiplier": 7.821580943071211,
    "motion_blur_intensity": 0.703790135126512,
    "slope": 0.024390478875094157,
    "toe": 0.836654936214056,
    "shoulder": 0.5841758840509945,
    "black_clip": 0.5670541553937637,
    "white_clip": 0.3446629218133328,
    "temp": 6632.073544617015
}