{
    "bloom_intensity": 0.8977454670250434,
    "fstop": 9.531592230577559,
    "iso": 200,
    "gamma": 1.8725974596295223,
    "shutter_speed": 143.78168543397348,
    "lens_circle_falloff": 7.999877220969738,
    "lens_circle_multiplier": 4.211118146368196,
    "motion_blur_intensity": 0.8416959466218235,
    "slope": 0.2687825215754265,
    "toe": 0.8042539952402633,
    "shoulder": 0.0035045049415242113,
    "black_clip": 0.09209644712086462,
    "white_clip": 0.960565219290435,
    "temp": 6311.87448683389
}