{
    "bloom_intensity": 0.19680882456799798,
    "fstop": 2.280832114260516,
    "iso": 400,
    "gamma": 2.14510973168709,
    "shutter_speed": 252.884279439739,
    "lens_circle_falloff": 6.171550984025242,
    "lens_circle_multiplier": 4.354201559054456,
    "motion_blur_intensity": 0.61125465649973,
    "slope": 0.7352429076107059,
    "toe": 0.18949478046240464,
    "shoulder": 0.6536957878752246,
    "black_clip": 0.5911192177643637,
    "white_clip": 0.5853585686475233,
    "temp": 6114.934651173918
}