{
    "bloom_intensity": 0.17299268646385524,
    "fstop": 16.625818554187084,
    "iso": 800,
    "gamma": 1.8626327646897853,
    "shutter_speed": 160.35874466506942,
    "lens_circle_falloff": 6.459589555702582,
    "lens_circle_multiplier": 7.20303431262447,
    "motion_blur_intensity": 0.42402299240298746,
    "slope": 0.6649321443833602,
    "toe": 0.3877313212706326,
    "shoulder": 0.02155237529274967,
    "black_clip": 0.6139501820110174,
    "white_clip": 0.7409893688239565,
    "temp": 6119.490627103254
}