{
    "bloom_intensity": 0.6595967814457643,
    "fstop": 16.903935257691764,
    "iso": 400,
    "gamma": 2.149086454045287,
    "shutter_speed": 120.38005046427807,
    "lens_circle_falloff": 2.0263159935088684,
    "lens_circle_multiplier": 5.68503866886627,
    "motion_blur_intensity": 0.13585796414983609,
    "slope": 0.02735525285081375,
    "toe": 0.8189781723487185,
    "shoulder": 0.3348330244842782,
    "black_clip": 0.9189579856011303,
    "white_clip": 0.7316554128939192,
    "temp": 6327.451202539017
}