{
    "bloom_intensity": 0.37142643302349565,
    "fstop": 14.029280671622113,
    "iso": 1600,
    "gamma": 2.022672473115813,
    "shutter_speed": 266.5344409805102,
    "lens_circle_falloff": 0.37282153971896936,
    "lens_circle_multiplier": 6.090200033154901,
    "motion_blur_intensity": 0.7829342091569338,
    "slope": 0.16801982157505602,
    "toe": 0.468730344764122,
    "shoulder": 0.8322392003667002,
    "black_clip": 0.8277273065882276,
    "white_clip": 0.5043914353857462,
    "temp": 6580.787699278915
}