{
    "bloom_intensity": 0.135524049797224,
    "fstop": 14.256236254051549,
    "iso": 800,
    "gamma": 2.0000316004916545,
    "shutter_speed": 149.73210644551244,
    "lens_circle_falloff": 1.9282843082597356,
    "lens_circle_multiplier": 2.2117327821249297,
    "motion_blur_intensity": 0.7637901683631136,
    "slope": 0.6597773683289628,
    "toe": 0.5224447010209028,
    "shoulder": 0.6967710567017654,
    "black_clip": 0.6249532261907949,
    "white_clip": 0.43317334657735285,
    "temp": 6366.869059808463
}