{
    "bloom_intensity": 0.7145017501952364,
    "fstop": 8.853599464510257,
    "iso": 1600,
    "gamma": 1.9768902417608938,
    "shutter_speed": 279.79380415652133,
    "lens_circle_falloff": 6.661283134841228,
    "lens_circle_multiplier": 2.9229262289240676,
    "motion_blur_intensity": 0.6332809775402858,
    "slope": 0.36122138973033757,
    "toe": 0.5466213999757578,
    "shoulder": 0.3600517655055643,
    "black_clip": 0.37131218049267534,
    "white_clip": 0.07177444427630764,
    "temp": 6391.149061300855
}