{
    "bloom_intensity": 0.21335472867586724,
    "fstop": 12.812968082829581,
    "iso": 200,
    "gamma": 1.9259140949646394,
    "shutter_speed": 217.7589717630355,
    "lens_circle_falloff": 8.44710838209229,
    "lens_circle_multiplier": 1.0284207417595093,
    "motion_blur_intensity": 0.7737824458586656,
    "slope": 0.6982725098549334,
    "toe": 0.24024101622167782,
    "shoulder": 0.8293393173140249,
    "black_clip": 0.4308998233614135,
    "white_clip": 0.2247637369017843,
    "temp": 6868.985103119078
}