{
    "bloom_intensity": 0.31070180913762646,
    "fstop": 20.95360614475855,
    "iso": 800,
    "gamma": 2.0440420271117765,
    "shutter_speed": 157.80900680408334,
    "lens_circle_falloff": 9.729894630235526,
    "lens_circle_multiplier": 5.324142740128266,
    "motion_blur_intensity": 0.13812578380603224,
    "slope": 0.8451621491824255,
    "toe": 0.29677440065669736,
    "shoulder": 0.26132259745112796,
    "black_clip": 0.16123657147192783,
    "white_clip": 0.6500107155494127,
    "temp": 6601.093208236895
}