{
    "bloom_intensity": 0.14300703002446336,
    "fstop": 3.6044355179820573,
    "iso": 1600,
    "gamma": 2.072930688868917,
    "shutter_speed": 201.14573010184,
    "lens_circle_falloff": 3.8086099707242482,
    "lens_circle_multiplier": 5.1692389297700805,
    "motion_blur_intensity": 0.8465167001650254,
    "slope": 0.5586960193462103,
    "toe": 0.7927908488954357,
    "shoulder": 0.7241913925487042,
    "black_clip": 0.9447926012172433,
    "white_clip": 0.6294449940001713,
    "temp": 6422.294052393773
}