{
    "bloom_intensity": 0.3994814305661838,
    "fstop": 7.111084156731634,
    "iso": 1600,
    "gamma": 2.168364720508187,
    "shutter_speed": 234.45873718263232,
    "lens_circle_falloff": 1.0667430046527704,
    "lens_circle_multiplier": 3.1830664700562403,
    "motion_blur_intensity": 0.6565552929526111,
    "slope": 0.9439028718219998,
    "toe": 0.47207500923500334,
    "shoulder": 0.5837932851172585,
    "black_clip": 0.5409241804765664,
    "white_clip": 0.02291487390127167,
    "temp": 6012.699345076602
}