{
    "bloom_intensity": 0.7612616961658388,
    "fstop": 2.9927004264947152,
    "iso": 200,
    "gamma": 2.060185458193205,
    "shutter_speed": 136.08512920251667,
    "lens_circle_falloff": 2.2562963355015753,
    "lens_circle_multiplier": 4.4924470781988814,
    "motion_blur_intensity": 0.8197556674974913,
    "slope": 0.651389054276149,
    "toe": 0.2066526072269479,
    "shoulder": 0.9318296548601056,
    "black_clip": 0.14239571908492543,
    "white_clip": 0.20448935591036255,
    "temp": 6304.168057142133
}