{
    "bloom_intensity": 0.13267856568170056,
    "fstop": 11.237266514336579,
    "iso": 800,
    "gamma": 2.036079754829425,
    "shutter_speed": 159.48140884008987,
    "lens_circle_falloff": 7.668885457197581,
    "lens_circle_multiplier": 2.0922539706878807,
    "motion_blur_intensity": 0.7804688208582343,
    "slope": 0.37186924595455095,
    "toe": 0.41621191057577955,
    "shoulder": 0.3631437267769907,
    "black_clip": 0.24950519215184452,
    "white_clip": 0.4326149362770674,
    "temp": 6547.836606268667
}