{
    "bloom_intensity": 0.8854923473886948,
    "fstop": 10.329486907441591,
    "iso": 200,
    "gamma": 2.1904460943991566,
    "shutter_speed": 112.53732060857833,
    "lens_circle_falloff": 8.209122924919495,
    "lens_circle_multiplier": 0.9537398418765863,
    "motion_blur_intensity": 0.9497612792515869,
    "slope": 0.242083827341683,
    "toe": 0.9920897027945871,
    "shoulder": 0.4256253970860192,
    "black_clip": 0.3793085383783127,
    "white_clip": 0.13468367581845464,
    "temp": 6224.955630302676
}