{
    "bloom_intensity": 0.6568850330982727,
    "fstop": 6.637566261101848,
    "iso": 1600,
    "gamma": 1.9542180995541103,
    "shutter_speed": 271.3686540761071,
    "lens_circle_falloff": 2.9245889086210166,
    "lens_circle_multiplier": 7.574877552225122,
    "motion_blur_intensity": 0.3650951794905404,
    "slope": 0.084019942437638,
    "toe": 0.005292594916100235,
    "shoulder": 0.8478727207367422,
    "black_clip": 0.8787110467830224,
    "white_clip": 0.7810638477496555,
    "temp": 6417.754531289742
}