{
    "bloom_intensity": 0.25524645492322184,
    "fstop": 2.282454175761925,
    "iso": 1600,
    "gamma": 1.942579154246325,
    "shutter_speed": 236.28872722661308,
    "lens_circle_falloff": 7.110009062157413,
    "lens_circle_multiplier": 4.696080329904374,
    "motion_blur_intensity": 0.4240106991847594,
    "slope": 0.6575471106340587,
    "toe": 0.14776427148242477,
    "shoulder": 0.015339273239343254,
    "black_clip": 0.5362468650201834,
    "white_clip": 0.730560086540668,
    "temp": 6526.532871730143
}