{
    "bloom_intensity": 0.4703038986365894,
    "fstop": 12.7602383692051,
    "iso": 200,
    "gamma": 2.1053318173729716,
    "shutter_speed": 143.55838727216747,
    "lens_circle_falloff": 0.9830001780480357,
    "lens_circle_multiplier": 1.4289385643504204,
    "motion_blur_intensity": 0.8726743233042936,
    "slope": 0.18360106625023764,
    "toe": 0.6366933894863258,
    "shoulder": 0.68465843003876,
    "black_clip": 0.5549773295651,
    "white_clip": 0.7154443980743727,
    "temp": 6420.359792988766
}