{
    "bloom_intensity": 0.8178280925447947,
    "fstop": 13.535015494062899,
    "iso": 1600,
    "gamma": 1.8962344277667238,
    "shutter_speed": 298.0962615740792,
    "lens_circle_falloff": 8.915497573719644,
    "lens_circle_multiplier": 2.907202959285092,
    "motion_blur_intensity": 0.9787935247911501,
    "slope": 0.7817295189482385,
    "toe": 0.5326262015594008,
    "shoulder": 0.3660878959256162,
    "black_clip": 0.3581468310331024,
    "white_clip": 0.32460733449268653,
    "temp": 6289.536530462126
}