{
    "bloom_intensity": 0.745974239376553,
    "fstop": 11.934653185084112,
    "iso": 400,
    "gamma": 2.1650295312181562,
    "shutter_speed": 116.05023649948245,
    "lens_circle_falloff": 8.98277327514415,
    "lens_circle_multiplier": 4.834564040102938,
    "motion_blur_intensity": 0.5572613670843071,
    "slope": 0.125545070131445,
    "toe": 0.4718550601519198,
    "shoulder": 0.532114698801592,
    "black_clip": 0.6139222020775343,
    "white_clip": 0.7945119916057197,
    "temp": 6117.19612841839
}