{
    "bloom_intensity": 0.5864864926738829,
    "fstop": 12.035663673162894,
    "iso": 200,
    "gamma": 1.8305599492289988,
    "shutter_speed": 170.1563563892198,
    "lens_circle_falloff": 7.957191723221112,
    "lens_circle_multiplier": 6.038071472662944,
    "motion_blur_intensity": 0.6072027146074859,
    "slope": 0.16620715053691604,
    "toe": 0.5125278080845587,
    "shoulder": 0.0021466755216272837,
    "black_clip": 0.11074725814889219,
    "white_clip": 0.16464976671943354,
    "temp": 6178.590443670322
}