{
    "bloom_intensity": 0.23556674419422197,
    "fstop": 19.81370165032387,
    "iso": 1600,
    "gamma": 1.9504311348532166,
    "shutter_speed": 226.59890174481558,
    "lens_circle_falloff": 6.57368077992782,
    "lens_circle_multiplier": 4.802066258965087,
    "motion_blur_intensity": 0.9276052331442179,
    "slope": 0.6215517700392615,
    "toe": 0.4586732366131121,
    "shoulder": 0.8277566685321042,
    "black_clip": 0.30093751605215335,
    "white_clip": 0.09888148440795497,
    "temp": 6384.761350465713
}