{
    "bloom_intensity": 0.10575064347134044,
    "fstop": 7.768050176042971,
    "iso": 200,
    "gamma": 1.807285419849328,
    "shutter_speed": 133.72253890967505,
    "lens_circle_falloff": 7.958062267517466,
    "lens_circle_multiplier": 8.589667878752943,
    "motion_blur_intensity": 0.10159078875288763,
    "slope": 0.9315278630802751,
    "toe": 0.051178406987655634,
    "shoulder": 0.8754734118875808,
    "black_clip": 0.19698472091566843,
    "white_clip": 0.7650797026419737,
    "temp": 6451.090352502901
}