{
    "bloom_intensity": 0.9937200197575604,
    "fstop": 13.116555693819146,
    "iso": 400,
    "gamma": 2.046947454264742,
    "shutter_speed": 132.04815060147234,
    "lens_circle_falloff": 1.681378567474049,
    "lens_circle_multiplier": 6.062792753989292,
    "motion_blur_intensity": 0.5969105125428221,
    "slope": 0.8437542722717851,
    "toe": 0.681846914852504,
    "shoulder": 0.1801998273039156,
    "black_clip": 0.6026087260879844,
    "white_clip": 0.3350145438740767,
    "temp": 6346.341321203647
}