{
    "bloom_intensity": 0.9637735969836415,
    "fstop": 8.143345675782307,
    "iso": 1600,
    "gamma": 2.10490579133966,
    "shutter_speed": 131.51254228068635,
    "lens_circle_falloff": 6.549169133694225,
    "lens_circle_multiplier": 5.423082362737519,
    "motion_blur_intensity": 0.06273157971480214,
    "slope": 0.00030793198129408506,
    "toe": 0.6251764022603946,
    "shoulder": 0.2649755028249343,
    "black_clip": 0.1637414555540424,
    "white_clip": 0.10494596410491097,
    "temp": 6282.234883785984
}