{
    "bloom_intensity": 0.4699558340948782,
    "fstop": 2.799058192328501,
    "iso": 200,
    "gamma": 2.0763259545387505,
    "shutter_speed": 117.3668011552314,
    "lens_circle_falloff": 1.8411692252589729,
    "lens_circle_multiplier": 8.219394336224013,
    "motion_blur_intensity": 0.7630988105608338,
    "slope": 0.12891700500504044,
    "toe": 0.6123146724976646,
    "shoulder": 0.29429932060216735,
    "black_clip": 0.20364524083454594,
    "white_clip": 0.9730558060922455,
    "temp": 6988.457255728003
}