{
    "bloom_intensity": 0.4824581165635965,
    "fstop": 12.01850924389543,
    "iso": 1600,
    "gamma": 1.969241933473423,
    "shutter_speed": 243.65044474507116,
    "lens_circle_falloff": 1.5155171162436243,
    "lens_circle_multiplier": 6.606868901473978,
    "motion_blur_intensity": 0.0594765843491748,
    "slope": 0.6126647336148446,
    "toe": 0.8184306940437028,
    "shoulder": 0.5510911688579988,
    "black_clip": 0.1346151163971926,
    "white_clip": 0.0942432336415594,
    "temp": 6521.867722975463
}