{
    "bloom_intensity": 0.02122426388680343,
    "fstop": 6.188339385469675,
    "iso": 200,
    "gamma": 1.8783774038401408,
    "shutter_speed": 240.2840706159646,
    "lens_circle_falloff": 6.441911246579938,
    "lens_circle_multiplier": 9.545680126732538,
    "motion_blur_intensity": 0.6138761012685793,
    "slope": 0.6482243070983298,
    "toe": 0.7326607259796083,
    "shoulder": 0.32953543846220257,
    "black_clip": 0.7886024130706157,
    "white_clip": 0.21915647865027454,
    "temp": 6710.832899644288
}