{
    "bloom_intensity": 0.38973713637305474,
    "fstop": 2.721160875640651,
    "iso": 800,
    "gamma": 1.8297365183397303,
    "shutter_speed": 106.14666860482802,
    "lens_circle_falloff": 3.0567543244797224,
    "lens_circle_multiplier": 0.263230833592063,
    "motion_blur_intensity": 0.5945725887023099,
    "slope": 0.23830206882417493,
    "toe": 0.7138020819342127,
    "shoulder": 0.1977453470849142,
    "black_clip": 0.16228423316370522,
    "white_clip": 0.10781708703960291,
    "temp": 6206.166354489287
}