{
    "bloom_intensity": 0.1085061791484444,
    "fstop": 14.948456498194698,
    "iso": 1600,
    "gamma": 2.0814645623266075,
    "shutter_speed": 298.46150422425694,
    "lens_circle_falloff": 7.286069230116756,
    "lens_circle_multiplier": 1.921573643638056,
    "motion_blur_intensity": 0.05554154030765768,
    "slope": 0.47610226536154354,
    "toe": 0.8740884128841055,
    "shoulder": 0.9549040825382862,
    "black_clip": 0.8206145386695165,
    "white_clip": 0.5301026271313278,
    "temp": 6975.462454158303
}