{
    "bloom_intensity": 0.12856528632412556,
    "fstop": 9.808670284162467,
    "iso": 400,
    "gamma": 2.0970964155349745,
    "shutter_speed": 218.97313061064932,
    "lens_circle_falloff": 2.6119931012507083,
    "lens_circle_multiplier": 1.2200446197519865,
    "motion_blur_intensity": 0.8713336447984524,
    "slope": 0.025703032313379892,
    "toe": 0.42960837889865755,
    "shoulder": 0.2554870541285119,
    "black_clip": 0.8734227667621954,
    "white_clip": 0.8166694758208143,
    "temp": 6829.805526229202
}