{
    "bloom_intensity": 0.7359070302260391,
    "fstop": 7.0199893666679225,
    "iso": 1600,
    "gamma": 2.06216489327985,
    "shutter_speed": 181.86344991883817,
    "lens_circle_falloff": 0.5740136873050139,
    "lens_circle_multiplier": 3.2901230819378933,
    "motion_blur_intensity": 0.11031106568787807,
    "slope": 0.6576290081141503,
    "toe": 0.6117042307466644,
    "shoulder": 0.5588216110118337,
    "black_clip": 0.750987199855419,
    "white_clip": 0.7880969098897399,
    "temp": 6870.62799107363
}