{
    "bloom_intensity": 0.10490955516060407,
    "fstop": 2.981896319272412,
    "iso": 1600,
    "gamma": 2.193329907917685,
    "shutter_speed": 115.75670170561347,
    "lens_circle_falloff": 0.4115273045402479,
    "lens_circle_multiplier": 8.59764122300405,
    "motion_blur_intensity": 0.8933555323176695,
    "slope": 0.45496523576104264,
    "toe": 0.30760085394759473,
    "shoulder": 0.05179870647534168,
    "black_clip": 0.8686359066054449,
    "white_clip": 0.4268619997515396,
    "temp": 6080.903196116142
}