{
    "bloom_intensity": 0.680368995861114,
    "fstop": 20.404283033828083,
    "iso": 800,
    "gamma": 2.118356423956087,
    "shutter_speed": 228.39800516609486,
    "lens_circle_falloff": 8.821845646634548,
    "lens_circle_multiplier": 8.00535248544432,
    "motion_blur_intensity": 0.5244713497552834,
    "slope": 0.8104103101653459,
    "toe": 0.7382759881847704,
    "shoulder": 0.028583660820478585,
    "black_clip": 0.1491533350323746,
    "white_clip": 0.04402040974741994,
    "temp": 6685.677202646543
}