{
    "bloom_intensity": 0.5723153392730558,
    "fstop": 4.787216072321224,
    "iso": 400,
    "gamma": 1.9719397438148678,
    "shutter_speed": 156.61479558772243,
    "lens_circle_falloff": 3.0289404349567772,
    "lens_circle_multiplier": 7.2288643331862135,
    "motion_blur_intensity": 0.9184497779655951,
    "slope": 0.745335447596663,
    "toe": 0.01081554651792982,
    "shoulder": 0.02389220541532755,
    "black_clip": 0.6972420101697789,
    "white_clip": 0.772593588645251,
    "temp": 6369.038601307649
}