{
    "bloom_intensity": 0.21626648675181437,
    "fstop": 15.25117915567981,
    "iso": 800,
    "gamma": 1.9035910547844526,
    "shutter_speed": 223.1546954039423,
    "lens_circle_falloff": 4.516805494820616,
    "lens_circle_multiplier": 4.566160937743977,
    "motion_blur_intensity": 0.18087505773474732,
    "slope": 0.2673431773023264,
    "toe": 0.44299096646854397,
    "shoulder": 0.4964221945988415,
    "black_clip": 0.592303041432383,
    "white_clip": 0.015598901507070884,
    "temp": 6714.386512580083
}