{
    "bloom_intensity": 0.657033156920383,
    "fstop": 12.080281832926573,
    "iso": 800,
    "gamma": 1.87097665547113,
    "shutter_speed": 269.1435711463546,
    "lens_circle_falloff": 5.910058947872057,
    "lens_circle_multiplier": 3.6283239181224225,
    "motion_blur_intensity": 0.8232231817121246,
    "slope": 0.13389089486000527,
    "toe": 0.6821903579189438,
    "shoulder": 0.9445074151680593,
    "black_clip": 0.4286989038868745,
    "white_clip": 0.7579965520401685,
    "temp": 6944.55552600085
}