{
    "bloom_intensity": 0.07903946036829812,
    "fstop": 15.261357349150995,
    "iso": 800,
    "gamma": 2.0765672773450423,
    "shutter_speed": 147.51065637558236,
    "lens_circle_falloff": 7.703250888862972,
    "lens_circle_multiplier": 1.9941697891303856,
    "motion_blur_intensity": 0.4314517836143189,
    "slope": 0.46402012933229975,
    "toe": 0.10050222019882549,
    "shoulder": 0.11857926974736,
    "black_clip": 0.07157964757693469,
    "white_clip": 0.34190787903666475,
    "temp": 6328.292028441631
}