{
    "bloom_intensity": 0.9584881018911598,
    "fstop": 19.747845913017088,
    "iso": 1600,
    "gamma": 1.8702071603995685,
    "shutter_speed": 290.5375801938933,
    "lens_circle_falloff": 0.7465026309564338,
    "lens_circle_multiplier": 2.238247821841215,
    "motion_blur_intensity": 0.35691018928457086,
    "slope": 0.5104600048370871,
    "toe": 0.50529657451252,
    "shoulder": 0.1239547972047641,
    "black_clip": 0.12636860305789432,
    "white_clip": 0.8971247199081228,
    "temp": 6754.4091488830245
}